<?xml version="1.0" encoding="ISO-8859-1"?>
<Setup>
	<DateTime>Mon Aug 19 11:44:20 2013</DateTime>
	<ResearcherName>myResearcher</ResearcherName>
	<SubjectName>mySubject</SubjectName>
	<SubjectAge>23</SubjectAge>
	<SubjectGender>Male</SubjectGender>
	<SpeakerMode>Four Speakers</SpeakerMode>
	<Seed>1</Seed>
	<SpeedTests>0</SpeedTests>
	<AccuracyTests>10</AccuracyTests>
	<Sessions>0</Sessions>
	<SoundFile>C:/Phil/MSVC Dev/VibrotactileHeadsetFLTK/Wavs/heli1.wav</SoundFile>
	<SoundFile>C:/Phil/MSVC Dev/VibrotactileHeadsetFLTK/Wavs/heli2.wav</SoundFile>
	<SoundFile>C:/Phil/MSVC Dev/VibrotactileHeadsetFLTK/Wavs/heli3.wav</SoundFile>
	<SoundFile>C:/Phil/MSVC Dev/VibrotactileHeadsetFLTK/Wavs/heli4.wav</SoundFile>
	<SoundFile>C:/Phil/MSVC Dev/VibrotactileHeadsetFLTK/Wavs/heli5.wav</SoundFile>
</Setup>
