<?xml version="1.0" encoding="ISO-8859-1"?>
<Setup>
	<DateTime>Fri Aug 23 14:50:36 2013</DateTime>
	<ResearcherName>P. Feldman</ResearcherName>
	<SubjectName>B. Frey</SubjectName>
	<SubjectAge>42</SubjectAge>
	<SubjectGender>Male</SubjectGender>
	<Seed>1</Seed>
	<TestType>All</TestType>
	<Sessions>2</Sessions>
	<Target>C:/Phil/MSVC Dev/VibrotactileHeadsetFLTK/Wavs/heli.wav</Target>
	<Target>C:/Phil/MSVC Dev/VibrotactileHeadsetFLTK/Wavs/heli1.wav</Target>
	<Target>C:/Phil/MSVC Dev/VibrotactileHeadsetFLTK/Wavs/heli2.wav</Target>
	<Target>C:/Phil/MSVC Dev/VibrotactileHeadsetFLTK/Wavs/heli3.wav</Target>
	<Target>C:/Phil/MSVC Dev/VibrotactileHeadsetFLTK/Wavs/heli4.wav</Target>
</Setup>
