<?xml version="1.0" encoding="ISO-8859-1"?>
<Setup>
	<DateTime>Fri Aug 30 14:07:25 2013</DateTime>
	<ResearcherName>P. Feldman</ResearcherName>
	<SubjectName>B. Frey</SubjectName>
	<SubjectAge>42</SubjectAge>
	<SubjectGender>Male</SubjectGender>
	<Seed>1</Seed>
	<Sessions>2</Sessions>
	<TestType>18601432</TestType>
	<GoalBoxSize>10.000000</GoalBoxSize>
	<SphereMin>10.000000</SphereMin>
	<SphereMax>15.000000</SphereMax>
	<Xmin>-100.000000</Xmin>
	<Xmax>100.000000</Xmax>
	<Ymin>-00.000000</Ymin>
	<Ymax>50.000000</Ymax>
	<Zmin>-50.000000</Zmin>
	<Zmax>0.000000</Zmax>
	<Target>C:/Phil/MSVC Dev/VibrotactileHeadsetFLTK/Wavs/heli.wav</Target>
	<Target>C:/Phil/MSVC Dev/VibrotactileHeadsetFLTK/Wavs/heli1.wav</Target>
	<Target>C:/Phil/MSVC Dev/VibrotactileHeadsetFLTK/Wavs/heli2.wav</Target>
	<Target>C:/Phil/MSVC Dev/VibrotactileHeadsetFLTK/Wavs/heli3.wav</Target>
	<Target>C:/Phil/MSVC Dev/VibrotactileHeadsetFLTK/Wavs/heli4.wav</Target>
</Setup>
