Date/Time, Fri Aug 30 15:55:01 2013
Researcher Name, P. Feldman
Subject Name, B. Frey
Subject Age, 42
Subject Gender, Male
Seed, 1
Open Loop tests, 1
Haptic tests, 1
Tactor tests, 1
Haptic Tactor tests, 1
Sessions, 1
GoalBoxSize, 30.000000
SphereMin, 20.000000
SphereMax, 25.000000
XMin, -200.000000
XMax, 200.000000
YMin, -200.000000
YMax, 200.000000
ZMin, -200.000000
ZMax, 200.000000
TotalTests, TestNum, TestType, ResponseTime, NumTargets, NumGoals
1, 1, HAPTIC_TACTOR, 45.320000, 
1, 1, TACTOR, 34.075001, 
1, 1, HAPTIC, 45.428001, 
1, 1, OPEN_LOOP, 50.016998, 
